Inventarisnr;Omschrijving;Straat;Thv;XCoord;YCoord;Deelgem;Mutdatum;Dooruser
FT1;Fietstrommel;ESSENBURGSNGL;9;51,92293167;4,46130991;Delfshaven;19/05/10;STREPE
FT10;Fietstrommel;PANNEKOEKSTR;97;51,92206955;4,48883009;Centrum;07/06/09;Conversie
FT100;Fietstrommel;SCHIEKD;155;51,92634964;4,47619009;Noord;08/07/10;BEHEER-STZ
FT101;Fietstrommel;SCHIEKD;55;51,92972183;4,471380234;Noord;08/07/10;BEHEER-STZ
FT102;Fietstrommel;NOORDSNGL;72;51,93019867;4,478919983;Noord;08/07/10;BEHEER-STZ
FT103;Fietstrommel;SCHEPENSTR;48;51,93014908;4,466259956;Noord;08/07/10;BEHEER-STZ
FT104;Fietstrommel;SCHEPENSTR;34;51,93059921;4,466469765;Noord;08/07/10;BEHEER-STZ
FT105;Fietstrommel;S GRAVENDYKWAL;24;51,91860962;4,463260174;Centrum;08/07/10;BEHEER-STZ
FT106;Fietstrommel;K BAJONETSTR;4;51,91849136;4,464799881;Centrum;08/07/10;BEHEER-STZ
FT107;Fietstrommel;BREITNERSTR;115;51,91304016;4,467279911;Centrum;20/04/11;OOMEBE
FT108;Fietstrommel;MAASKD;146;51,91186905;4,490469933;Feijenoord;08/07/10;BEHEER-STZ
FT109;Fietstrommel;AKELEISTR;17;51,92136002;4,463809967;Centrum;08/07/10;BEHEER-STZ
FT11;Fietstrommel;KORTENAERSTR;1;51,91389084;4,478149891;Centrum;07/06/09;Conversie
FT110;Fietstrommel;ROCHUSSENSTR;105;51,91262817;4,466289997;Centrum;08/07/10;BEHEER-STZ
FT111;Fietstrommel;W DE WITHHOF;4;51,91598892;4,479259968;Centrum;07/06/09;Conversie
FT112;Fietstrommel;ORCHIDEESTR;4;51,94322968;4,473919868;Hillegersberg;07/06/09;Conversie
FT113;Fietstrommel;SAENREDAMPLN;7;51,93852997;4,422210217;Overschie;08/07/10;STREPE
FT114;Fietstrommel;SAENREDAMPLN;7;51,93852997;4,42222023;Overschie;08/07/10;BEHEER-STZ
FT115;Fietstrommel;GR FLORISSTR;22;51,92086029;4,459169865;Delfshaven;08/07/10;STREPE
FT116;Fietstrommel;GR FLORISSTR;100;51,91913986;4,456970215;Delfshaven;16/07/10;OOMEBE
FT117;Fietstrommel;GR FLORISSTR;50;51,92021942;4,458360195;Delfshaven;07/06/09;Conversie
FT118;Fietstrommel;BEUKELSDK;14;51,92173004;4,459070206;Delfshaven;08/07/10;BEHEER-STZ
FT119;Fietstrommel;C DE VRIESELN;64;51,91563034;4,45953989;Delfshaven;07/06/09;Conversie
FT12;Fietstrommel;ENGELSESTR;135;51,91588974;4,417230129;Delfshaven;07/06/09;Conversie
FT120;Fietstrommel;MATHENESSERLN;244;51,91450119;4,461639881;Delfshaven;07/06/09;Conversie
FT121;Fietstrommel;MATHENESSERLN;362;51,91342163;4,45250988;Delfshaven;08/07/10;STREPE
FT122;Fietstrommel;SCHIETBAANLN;182;51,91566849;4,459300041;Delfshaven;08/07/10;BEHEER-STZ
FT123;Fietstrommel;V CITTERSSTR;44;51,91836929;4,446209908;Delfshaven;08/07/10;BEHEER-STZ
FT124;Fietstrommel;MATHENESSERLN;424;51,91419983;4,449440002;Delfshaven;08/07/10;STREPE
FT125;Fietstrommel;BURG MEINESZLN;9;51,9174881;4,45386982;Delfshaven;08/07/10;BEHEER-STZ
FT126;Fietstrommel;ESSENBURGSNGL;125;51,92129898;4,446499825;Delfshaven;08/07/10;STREPE
FT127;Fietstrommel;MATHENESSERDK;390;51,91167068;4,446829796;Delfshaven;08/07/10;BEHEER-STZ
FT128;Fietstrommel;STATIONSSNGL;0;51,93138123;4,475900173;Noord;08/07/10;STREPE
FT129;Fietstrommel;NOORDSNGL;146;51,93138123;4,475900173;Noord;08/07/10;BEHEER-STZ
FT13;Fietstrommel;ENGELSESTR;135;51,91588974;4,417240143;Delfshaven;07/06/09;Conversie
FT130;Fietstrommel;NOORDERHAVENKD;111;51,93309021;4,46036005;Noord;08/07/10;STREPE
FT131;Fietstrommel;NOORDERHAVENKD;113;51,93304825;4,460400105;Noord;08/07/10;BEHEER-STZ
FT132;Fietstrommel;LUMEYSTR;13;51,92781067;4,462790012;Noord;08/07/10;STREPE
FT133;Fietstrommel;BOISOTSTR;16;51,92773819;4,462749958;Noord;08/07/10;BEHEER-STZ
FT134;Fietstrommel;STATENSNGL;136;51,926651;4,456689835;Noord;08/07/10;STREPE
FT135;Fietstrommel;SCHIEBROEKSELN;54;51,93677139;4,475349903;Noord;08/07/10;BEHEER-STZ
FT136;Fietstrommel;SCHIEBROEKSELN;63;51,93632889;4,475689888;Noord;08/07/10;STREPE
FT137;Fietstrommel;PUTSELN;218;51,89741135;4,496399879;Feijenoord;08/07/10;BEHEER-STZ
FT138;Fietstrommel;DORDTSELN;92;51,89480972;4,494130135;Feijenoord;08/07/10;STREPE
FT139;Fietstrommel;PUTSEBOCHT;194;51,89268112;4,494649887;Feijenoord;10/08/10;OOMEBE
FT14;Fietstrommel;C DE VRIESELN;41;51,9164505;4,459209919;Delfshaven;06/07/10;STREPE
FT140;Fietstrommel;MAASKD;137;51,9120903;4,490839958;Feijenoord;08/07/10;STREPE
FT141;Fietstrommel;MAASKD;80;51,91442871;4,494780064;Feijenoord;08/07/10;BEHEER-STZ
FT142;Fietstrommel;MAASKD;137;51,9120903;4,490839958;Feijenoord;08/07/10;STREPE
FT143;Fietstrommel;MAASKD;102;51,9134903;4,493199825;Feijenoord;08/07/10;BEHEER-STZ
FT144;Fietstrommel;GOEDE HOOPSTR;40;51,89842987;4,49698019;Feijenoord;08/07/10;STREPE
FT145;Fietstrommel;DIERGAARDESNGL;90;51,92134094;4,469309807;Centrum;08/07/10;BEHEER-STZ
FT146;Fietstrommel;DIERGAARDESNGL;90;51,92134094;4,46931982;Centrum;08/07/10;STREPE
FT147;Fietstrommel;KRALINGSE PLASLN;91;51,9317894;4,508470058;Kralingen/Crooswijk;08/07/10;BEHEER-STZ
FT148;Fietstrommel;CROOSWYKSESNGL;16;51,92974091;4,489659786;Kralingen/Crooswijk;08/07/10;STREPE
FT149;Fietstrommel;JERICHOLN;81;51,93013;4,506299973;Kralingen/Crooswijk;08/07/10;BEHEER-STZ
FT15;Fietstrommel;C DE VRIESELN;41;51,9164505;4,459219933;Delfshaven;07/06/09;Conversie
FT150;Fietstrommel;1E JERICHOSTR;93;51,92967987;4,506490231;Kralingen/Crooswijk;08/07/10;STREPE
FT151;Fietstrommel;1E JERICHOSTR;91A;51,92964935;4,506609917;Kralingen/Crooswijk;08/07/10;BEHEER-STZ
FT152;Fietstrommel;DORPSWG;53;51,89007187;4,472430229;Charlois;08/07/10;STREPE
FT153;Fietstrommel;OOSTVOORNSESTR;9;51,89070892;4,468589783;Charlois;08/07/10;BEHEER-STZ
FT154;Fietstrommel;SAFTLEVENSTR;2;51,91334915;4,465499878;Centrum;08/07/10;STREPE
FT155;Fietstrommel;V BYLANDTPLAATS;36;51,91901016;4,476240158;Centrum;08/07/10;BEHEER-STZ
FT156;Fietstrommel;SCHEEPSTIMMERM LN;27;51,91025925;4,478020191;Centrum;08/07/10;STREPE
FT157;Fietstrommel;KORTENAERSTR;32;51,91352844;4,476719856;Centrum;08/07/10;BEHEER-STZ
FT158;Fietstrommel;VEERKD;5;51,90819168;4,479239941;Centrum;08/07/10;STREPE
FT159;Fietstrommel;VEERKD;5;51,90819168;4,479249954;Centrum;08/07/10;BEHEER-STZ
FT16;Fietstrommel;C DE VRIESELN;43;51,91638947;4,459209919;Delfshaven;07/06/09;Conversie
FT160;Fietstrommel;WESTERSTR;24;51,90943146;4,481709957;Centrum;08/07/10;STREPE
FT161;Fietstrommel;WYNHAVEN;19;51,91852188;4,49090004;Centrum;08/07/10;BEHEER-STZ
FT162;Fietstrommel;STATIONSSNGL;91;51,92594147;4,463940144;Noord;19/07/11;OOMEBE
FT163;Fietstrommel;WESTZEEDK;341;51,91072083;4,473810196;Centrum;16/09/10;STREPE
FT164;Fietstrommel;BLEKERSTR;8;51,91561127;4,481190205;Centrum;30/05/12;OOMEBE
FT165;Fietstrommel;GOUDSESNGL;266;51,92427826;4,489580154;Centrum;08/07/10;BEHEER-STZ
FT166;Fietstrommel;ORANJESTR;29;51,9428215;4,422770023;Overschie;08/07/10;STREPE
FT167;Fietstrommel;BREITNERSTR;17-A;51,91588974;4,470170021;Centrum;08/07/10;BEHEER-STZ
FT168;Fietstrommel;BREITNERSTR;17-A;51,91588974;4,470180035;Centrum;08/07/10;STREPE
FT169;Fietstrommel;ROCHUSSENSTR;29;51,91553879;4,470449924;Centrum;08/07/10;BEHEER-STZ
FT17;Fietstrommel;C DE VRIESELN;52;51,91595078;4,459499836;Delfshaven;07/06/09;Conversie
FT170;Fietstrommel;ROCHUSSENSTR;31;51,91547012;4,470369816;Centrum;08/07/10;STREPE
FT171;Fietstrommel;ROCHUSSENSTR;33;51,91539001;4,470290184;Centrum;08/07/10;BEHEER-STZ
FT172;Fietstrommel;ROCHUSSENSTR;35;51,91530991;4,470220089;Centrum;08/07/10;STREPE
FT173;Fietstrommel;KRALINGSE PLASLN;0;51,9306488;4,507649899;Kralingen/Crooswijk;08/07/10;BEHEER-STZ
FT174;Fietstrommel;2E JERICHOSTR;15;51,9306488;4,507649899;Kralingen/Crooswijk;08/07/10;STREPE
FT175;Fietstrommel;2E JERICHOSTR;15;51,9306488;4,507659912;Kralingen/Crooswijk;08/07/10;BEHEER-STZ
FT176;Fietstrommel;JERICHOLN;95;51,92966843;4,506010056;Kralingen/Crooswijk;08/07/10;STREPE
FT177;Fietstrommel;WOLPHAERTSBOCHT;355;51,8924408;4,480649948;Charlois;08/07/10;BEHEER-STZ
FT178;Fietstrommel;MYNSHERENLN;123;51,89339828;4,490729809;Charlois;08/07/10;STREPE
FT179;Fietstrommel;BOERGOENSESTR;56;51,89257813;4,472899914;Charlois;08/07/10;BEHEER-STZ
FT18;Fietstrommel;PUTSEBOCHT;135A;51,89368057;4,49654007;Feijenoord;06/07/10;STREPE
FT180;Fietstrommel;STREVELSWG;134;51,88953018;4,500360012;Feijenoord;08/07/10;STREPE
FT181;Fietstrommel;RANDWG;106;51,89160919;4,513110161;Feijenoord;03/01/12;OOMEBE
FT182;Fietstrommel;RANDWG;136;51,89083099;4,51417017;Feijenoord;08/07/10;STREPE
FT183;Fietstrommel;HILLEDK;265;51,89857101;4,509339809;Feijenoord;08/07/10;BEHEER-STZ
FT184;Fietstrommel;VD TAKSTR;35;51,91437912;4,495610237;Feijenoord;08/07/10;STREPE
FT185;Fietstrommel;PR HENDRIKKD;114;51,91172028;4,493889809;Feijenoord;08/07/10;BEHEER-STZ
FT186;Fietstrommel;PR HENDRIKKD;114;51,91172028;4,493899822;Feijenoord;08/07/10;STREPE
FT187;Fietstrommel;PR HENDRIKKD;153;51,91028976;4,490859985;Feijenoord;08/07/10;BEHEER-STZ
FT188;Fietstrommel;BREITNERSTR;93;51,91436005;4,467160225;Centrum;08/07/10;STREPE
FT189;Fietstrommel;JACOBUSSTR;191;51,91764832;4,474090099;Centrum;08/07/10;BEHEER-STZ
FT19;Fietstrommel;W VARKENOORDSEWG;139;51,89622879;4,515399933;Feijenoord;08/07/11;OOMEBE
FT190;Fietstrommel;BAAN;50;51,91419983;4,480559826;Centrum;08/07/10;STREPE
FT191;Fietstrommel;BAAN;50;51,91419983;4,480559826;Centrum;03/08/12;BRUIPE
FT192;Fietstrommel;ST MARIASTR;114;51,91856003;4,468279839;Centrum;07/06/09;Conversie
FT193;Fietstrommel;V VOLLENHOVENSTR;34;51,91051102;4,47781992;Centrum;07/06/09;Conversie
FT194;Fietstrommel;HAAGSEVEER;94;51,92264938;4,481780052;Centrum;07/06/09;Conversie
FT195;Fietstrommel;STATENSNGL;177;51,92726135;4,456689835;Noord;07/06/09;Conversie
FT196;Fietstrommel;SCHEPENSTR;99;51,92731857;4,463180065;Noord;07/06/09;Conversie
FT197;Fietstrommel;SCHEPENSTR;99;51,92731857;4,463190079;Noord;08/07/10;BEHEER-STZ
FT198;Fietstrommel;BESEMERSTR;4;51,93336105;4,459889889;Noord;07/06/09;Conversie
FT199;Fietstrommel;BESEMERSTR;4;51,93336105;4,459899902;Noord;07/06/09;Conversie
FT2;Fietstrommel;ESSENBURGSNGL;8;51,92293167;4,461420059;Delfshaven;06/07/10;STREPE
FT20;Fietstrommel;BREEWG;16;51,89089966;4,518380165;Feijenoord;08/07/11;OOMEBE
FT200;Fietstrommel;BYLWERFFSTR;13;51,93260956;4,457640171;Noord;07/06/09;Conversie
FT201;Fietstrommel;BYLWERFFSTR;33;51,93199921;4,455770016;Noord;07/06/09;Conversie
FT202;Fietstrommel;BYLWERFFSTR;45;51,93173981;4,454949856;Noord;13/07/10;STREPE
FT203;Fietstrommel;VROESENLN;54;51,93013;4,456679821;Noord;13/07/10;STREPE
FT204;Fietstrommel;VROESENLN;54;51,93013;4,456689835;Noord;07/06/09;Conversie
FT205;Fietstrommel;J V TROYENSTR;3;51,92901993;4,464590073;Noord;07/06/09;Conversie
FT206;Fietstrommel;SCHEPENSTR;76;51,92871857;4,465030193;Noord;07/06/09;Conversie
FT207;Fietstrommel;SCHEPENSTR;80;51,92856979;4,464829922;Noord;07/06/09;Conversie
FT208;Fietstrommel;BLOMMERSDYKSELN;35;51,93841171;4,480080128;Noord;07/06/09;Conversie
FT209;Fietstrommel;J CATSSTR;27;51,93394852;4,482530117;Noord;07/06/09;Conversie
FT21;Fietstrommel;ZESTIENHOVENSTR;34a;51,93447113;4,471869946;Noord;07/06/09;Conversie
FT210;Fietstrommel;V BEUNINGENSTR;9;51,92900848;4,457640171;Noord;26/04/11;OOMEBE
FT211;Fietstrommel;NOBELSTR;69;51,93325043;4,458159924;Noord;07/06/09;Conversie
FT212;Fietstrommel;NOBELSTR;69;51,93325043;4,458169937;Noord;07/06/09;Conversie
FT213;Fietstrommel;BERGSELN;295;51,93307877;4,463940144;Noord;13/07/10;STREPE
FT214;Fietstrommel;A KUYPERLN;80;51,93450928;4,463459969;Noord;30/05/12;OOMEBE
FT215;Fietstrommel;HEEMSTEESTR;111;51,93141937;4,472529888;Noord;13/07/10;STREPE
FT216;Fietstrommel;1E PYNACKERSTR;139;51,93291855;4,480400085;Noord;13/07/10;STREPE
FT217;Fietstrommel;BYLWERFFSTR;11;51,93265152;4,457759857;Noord;07/06/09;Conversie
FT218;Fietstrommel;VROESENLN;73-75;51,93128967;4,455339909;Noord;13/07/10;STREPE
FT219;Fietstrommel;BYLWERFFSTR;65;51,9317894;4,454909801;Noord;07/06/09;Conversie
FT22;Fietstrommel;OOSTMAASLN;125;51,91817856;4,511670113;Kralingen/Crooswijk;07/06/09;Conversie
FT220;Fietstrommel;SCHEPENSTR;108;51,92758942;4,463540077;Noord;07/06/09;Conversie
FT221;Fietstrommel;SCHIEKD;7;51,93078995;4,469639778;Noord;07/06/09;Conversie
FT222;Fietstrommel;SCHIEKD;7;51,93078995;4,469649792;Noord;07/06/09;Conversie
FT223;Fietstrommel;STATIONSSNGL;65;51,92541122;4,465159893;Noord;07/06/09;Conversie
FT224;Fietstrommel;DIERGAARDESNGL;55;51,92210007;4,467750072;Centrum;07/06/09;Conversie
FT225;Fietstrommel;S GRAVENDYKWAL;80;51,91611099;4,463019848;Centrum;13/07/10;STREPE
FT226;Fietstrommel;AEGIDIUSSTR;88;51,92398834;4,510640144;Kralingen/Crooswijk;07/06/09;Conversie
FT227;Fietstrommel;1E JERICHOSTR;76;51,92940903;4,507540226;Kralingen/Crooswijk;07/06/09;Conversie
FT228;Fietstrommel;MILLINXSTR;126;51,89115143;4,492939949;Charlois;13/07/10;STREPE
FT229;Fietstrommel;MYNSHERENLN;160;51,89184189;4,489729881;Charlois;13/07/10;STREPE
FT23;Fietstrommel;OOSTMAASLN;123;51,91817093;4,511740208;Kralingen/Crooswijk;07/06/09;Conversie
FT230;Fietstrommel;PR HENDRIKLN;38;51,91075897;4,490330219;Feijenoord;07/06/09;Conversie
FT231;Fietstrommel;VD TAKSTR;118;51,91386032;4,496669769;Feijenoord;07/06/09;Conversie
FT232;Fietstrommel;PERSOONSSTR;65;51,91027832;4,506690025;Feijenoord;13/07/10;STREPE
FT233;Fietstrommel;MILLINXSTR;110;51,89149094;4,492919922;Charlois;07/06/09;Conversie
FT234;Fietstrommel;MILLINXSTR;110;51,89149094;4,492929935;Charlois;07/06/09;Conversie
FT235;Fietstrommel;PR MAURITSSNGL;21;51,93785858;4,42414999;Overschie;07/06/09;Conversie
FT236;Fietstrommel;A CUYPSTR;2;51,93864822;4,426690102;Overschie;13/07/10;STREPE
FT237;Fietstrommel;DE LORMESTR;3;51,93991089;4,426780224;Overschie;07/06/09;Conversie
FT238;Fietstrommel;DE LORMESTR;3;51,93991089;4,426790237;Overschie;07/06/09;Conversie
FT239;Fietstrommel;BUTTERVLIETSTR;13;51,9358902;4,437039852;Overschie;13/07/10;BEHEER-STZ
FT24;Fietstrommel;OOSTMAASLN;123;51,91817093;4,511750221;Kralingen/Crooswijk;07/06/09;Conversie
FT240;Fietstrommel;SAENREDAMPLN;5;51,93849182;4,422110081;Overschie;13/07/10;STREPE
FT241;Fietstrommel;SAENREDAMPLN;5;51,93849182;4,422120094;Overschie;13/07/10;BEHEER-STZ
FT242;Fietstrommel;PROF BOLKLN;10;51,93746185;4,421840191;Overschie;07/06/09;Conversie
FT243;Fietstrommel;T JACOBALN;2;51,93637848;4,423220158;Overschie;07/06/09;Conversie
FT244;Fietstrommel;BURG BOSSTR;51;51,94316864;4,42648983;Overschie;07/06/09;Conversie
FT245;Fietstrommel;BURG BOSSTR;73;51,94266891;4,427299976;Overschie;07/06/09;Conversie
FT246;Fietstrommel;ZESTIENHOVENSEKD;5;51,94084167;4,422929764;Overschie;07/06/09;Conversie
FT247;Fietstrommel;P V ASCHSTR;45;51,93946838;4,424469948;Overschie;13/07/10;BEHEER-STZ
FT248;Fietstrommel;P V ASCHSTR;22;51,93959045;4,424769878;Overschie;07/06/09;Conversie
FT249;Fietstrommel;SCHIELN;23;51,94379044;4,421969891;Overschie;07/06/09;Conversie
FT25;Fietstrommel;BREITNERSTR;89 a;51,91410065;4,466969967;Centrum;07/06/09;Conversie
FT250;Fietstrommel;ZESTIENHOVENSEKD;250;51,93917847;4,43407011;Overschie  ;07/06/09;Conversie
FT251;Fietstrommel;CLEYBURCHSTR;48;51,93325043;4,454130173;Noord;13/07/10;BEHEER-STZ
FT252;Fietstrommel;VD DUSSENSTR;10;51,93104935;4,456580162;Noord;13/07/10;STREPE
FT253;Fietstrommel;VD DUSSENSTR;12;51,9310112;4,456439972;Noord;07/06/09;Conversie
FT254;Fietstrommel;BYLWERFFSTR;20;51,93244934;4,457129955;Noord;13/07/10;STREPE
FT255;Fietstrommel;SOURYSTR;50;51,93412018;4,458439827;Noord;07/06/09;Conversie
FT256;Fietstrommel;SOURYSTR;50;51,93412018;4,458449841;Noord;13/07/10;STREPE
FT257;Fietstrommel;NOORDERHAVENKD;31;51,93466949;4,458990097;Noord;07/06/09;Conversie
FT258;Fietstrommel;NOORDERHAVENKD;65;51,93392944;4,459630013;Noord;07/06/09;Conversie
FT259;Fietstrommel;SONMANSSTR;138;51,93249893;4,459899902;Noord;13/07/10;BEHEER-STZ
FT26;Fietstrommel;BREITNERSTR;109 c;51,91324997;4,467100143;Centrum;07/06/09;Conversie
FT260;Fietstrommel;SONMANSSTR;140;51,93246078;4,459929943;Noord;13/07/10;STREPE
FT261;Fietstrommel;NOBELSTR;101;51,93151855;4,459630013;Noord;13/07/10;BEHEER-STZ
FT262;Fietstrommel;DE KEMPENAERSTR;12;51,93532181;4,461939812;Noord;13/07/10;STREPE
FT263;Fietstrommel;LUZACSTR;2;51,935009;4,462920189;Noord;07/06/09;Conversie
FT264;Fietstrommel;KERDYKSTR;16;51,93326187;4,462729931;Noord;01/04/11;franno
FT265;Fietstrommel;BERGSELN;277;51,93357849;4,464690208;Noord;13/07/10;BEHEER-STZ
FT266;Fietstrommel;BERGSELN;305;51,93284988;4,463620186;Noord;13/07/10;STREPE
FT267;Fietstrommel;BERGSELN;338;51,93367004;4,465119839;Noord;07/06/09;Conversie
FT268;Fietstrommel;BERGSELN;364;51,93291092;4,464039803;Noord;13/07/10;STREPE
FT269;Fietstrommel;SCHIEWG;104;51,93281937;4,465990067;Noord;13/07/10;BEHEER-STZ
FT27;Fietstrommel;OCHTERVELTSTR;23;51,91362;4,466460228;Centrum;07/06/09;Conversie
FT270;Fietstrommel;SCHIEWG;117;51,93341827;4,465720177;Noord;07/06/09;Conversie
FT271;Fietstrommel;STADHOUDERSWG;86;51,93098068;4,460939884;Noord;13/07/10;BEHEER-STZ
FT272;Fietstrommel;NOLENSSTR;69;51,93006134;4,462830067;Noord;13/07/10;STREPE
FT273;Fietstrommel;NOLENSSTR;47;51,93062973;4,463829994;Noord;13/07/10;BEHEER-STZ
FT274;Fietstrommel;DOEZASTR;17;51,92858124;4,463399887;Noord;13/07/10;STREPE
FT275;Fietstrommel;STATENSNGL;48;51,92908859;4,462580204;Noord;13/07/10;BEHEER-STZ
FT276;Fietstrommel;STATENSNGL;48;51,92908859;4,462590218;Noord;13/07/10;STREPE
FT277;Fietstrommel;STATENSNGL;29;51,9301796;4,465720177;Noord;13/07/10;BEHEER-STZ
FT278;Fietstrommel;STATIONSSNGL;107;51,92631149;4,463459969;Noord;13/07/10;STREPE
FT279;Fietstrommel;STATIONSSNGL;97;51,92601013;4,463779926;Noord;13/07/10;BEHEER-STZ
FT28;Fietstrommel;OCHTERVELTSTR;48;51,91323853;4,465300083;Centrum;07/06/09;Conversie
FT280;Fietstrommel;KL COOLSTR;11;51,92692947;4,467030048;Noord;07/06/09;Conversie
FT281;Fietstrommel;SCHIEKD;764;51,92826843;4,474070072;Noord;13/07/10;BEHEER-STZ
FT282;Fietstrommel;SCHIEKD;42;51,93051147;4,470600128;Noord;13/07/10;STREPE
FT283;Fietstrommel;NOORDSNGL;160;51,93159103;4,475359917;Noord;13/07/10;BEHEER-STZ
FT284;Fietstrommel;BERGWG;270;51,93347168;4,473219872;Noord;07/06/09;Conversie
FT285;Fietstrommel;BERGWG;265;51,93434143;4,474520206;Noord;13/07/10;BEHEER-STZ
FT286;Fietstrommel;BESEMERSTR;12;51,93320084;4,459400177;Noord;13/07/10;STREPE
FT287;Fietstrommel;G SCHOLTENSTR;80;51,93418121;4,477670193;Noord;07/06/09;Conversie
FT288;Fietstrommel;WILLEBRORDUSSTR;168;51,93360138;4,471610069;Noord;07/06/09;Conversie
FT289;Fietstrommel;BERGSNGL;133;51,93320084;4,471389771;Noord;07/06/09;Conversie
FT29;Fietstrommel;ROCHUSSENSTR;101;51,91278839;4,466810226;Centrum;06/07/10;STREPE
FT290;Fietstrommel;DE S LOHMANLN;90;51,93611145;4,467450142;Noord;13/07/10;STREPE
FT291;Fietstrommel;BERGSNGL;96;51,93725967;4,469799995;Noord;07/06/09;Conversie
FT292;Fietstrommel;GORDELWG;133;51,93804169;4,465079784;Noord;13/07/10;STREPE
FT293;Fietstrommel;GORDELWG;133;51,93804169;4,465089798;Noord;07/06/09;Conversie
FT294;Fietstrommel;GORDELWG;133;51,93804169;4,465099812;Noord;13/07/10;STREPE
FT295;Fietstrommel;GORDELWG;123;51,93875885;4,467020035;Noord;13/07/10;BEHEER-STZ
FT296;Fietstrommel;GORDELWG;123;51,93875885;4,467030048;Noord;13/07/10;STREPE
FT297;Fietstrommel;GORDELWG;123;51,93875885;4,467040062;Noord;07/06/09;Conversie
FT298;Fietstrommel;BERKELSELN; 89/91;51,9375;4,470610142;Noord;07/06/09;Conversie
FT299;Fietstrommel;RODENRYSELN;37;51,93746948;4,470749855;Noord;13/07/10;BEHEER-STZ
FT3;Fietstrommel;ESSENBURGSNGL;15A;51,92287827;4,460649967;Delfshaven;06/07/10;STREPE
FT30;Fietstrommel;ROCHUSSENSTR;107;51,91254044;4,466030121;Centrum;07/06/09;Conversie
FT300;Fietstrommel;BERKELSELN;44;51,93777084;4,471789837;Noord;13/07/10;STREPE
FT301;Fietstrommel;GORDELWG;104;51,93938065;4,471210003;Noord;13/07/10;BEHEER-STZ
FT302;Fietstrommel;GORDELWG;104;51,93938065;4,471220016;Noord;07/06/09;Conversie
FT303;Fietstrommel;GORDELWG;104;51,93938065;4,47123003;Noord;07/06/09;Conversie
FT304;Fietstrommel;DELFGAAUWSTR;29;51,93896103;4,472740173;Noord;13/07/10;STREPE
FT305;Fietstrommel;RODENRYSELN;2;51,93511963;4,472799778;Noord;13/07/10;BEHEER-STZ
FT306;Fietstrommel;VRYENBANSESTR;17/29;51,93632126;4,473320007;Noord;13/07/10;STREPE
FT307;Fietstrommel;VRYENBANSESTR;17/29;51,93632126;4,473320007;Noord;07/06/09;Conversie
FT308;Fietstrommel;BERGSELN;126;51,93883896;4,474949837;Noord;13/07/10;STREPE
FT309;Fietstrommel;NOBELSTR;113;51,93193054;4,459310055;Noord;07/06/09;Conversie
FT31;Fietstrommel;BREITNERSTR;89 c;51,91418839;4,467030048;Centrum;07/06/09;Conversie
FT310;Fietstrommel;LISSTR;2;51,93886185;4,475699902;Noord;13/07/10;STREPE
FT311;Fietstrommel;ST AGATHASTR;9;51,93909836;4,476880074;Noord;13/07/10;BEHEER-STZ
FT312;Fietstrommel;WILLEBRORDUSPLN;23;51,93722916;4,477200031;Noord;13/07/10;STREPE
FT313;Fietstrommel;SOETENDAALSEWG;91;51,93928909;4,480669975;Noord;13/07/10;BEHEER-STZ
FT314;Fietstrommel;SOETENDAALSEWG;91;51,93928909;4,480669975;Noord;18/03/11;OOMEBE
FT315;Fietstrommel;BLOKLANDSTR;63;51,93611908;4,483530045;Noord;07/06/09;Conversie
FT316;Fietstrommel;BLOKLANDSTR;67;51,93616104;4,4833498;Noord;13/07/10;STREPE
FT317;Fietstrommel;J CATSSTR;45;51,93360138;4,482110023;Noord;07/06/09;Conversie
FT318;Fietstrommel;SCHEPENSTR;76;51,92871857;4,465030193;Noord;07/06/09;Conversie
FT319;Fietstrommel;SCHEPENSTR;76;51,92871857;4,465030193;Noord;07/06/09;Conversie
FT32;Fietstrommel;KR ELLEBOOG;35;51,91587067;4,476480007;Centrum;06/07/10;STREPE
FT320;Fietstrommel;OOSTZEEDK;163A;51,92232132;4,503509998;Kralingen/Crooswijk;13/07/10;STREPE
FT321;Fietstrommel;OOSTZEEDK;25;51,91873932;4,515729904;Kralingen/Crooswijk;13/07/10;BEHEER-STZ
FT322;Fietstrommel;OOSTMAASLN;127;51,91820145;4,511610031;Kralingen/Crooswijk;13/07/10;STREPE
FT323;Fietstrommel;OOSTMAASLN;127;51,91820145;4,511610031;Kralingen/Crooswijk;13/07/10;BEHEER-STZ
FT324;Fietstrommel;OOSTMAASSTR;5;51,92441177;4,509709835;Kralingen/Crooswijk;15/09/10;STREPE
FT325;Fietstrommel;VOORSCHOTERLN;45;51,92467117;4,513169765;Kralingen/Crooswijk;13/07/10;BEHEER-STZ
FT326;Fietstrommel;PLANTAGEWG;5;51,92922974;4,505129814;Kralingen/Crooswijk;13/07/10;STREPE
FT327;Fietstrommel;PLANTAGEWG;16;51,92850876;4,504670143;Kralingen/Crooswijk;13/07/10;BEHEER-STZ
FT328;Fietstrommel;PLANTAGEWG;17;51,9283905;4,504590034;Kralingen/Crooswijk;07/06/09;Conversie
FT329;Fietstrommel;PLANTAGEWG;27;51,92798996;4,504340172;Kralingen/Crooswijk;13/07/10;BEHEER-STZ
FT33;Fietstrommel;2E JERICHOSTR;4;51,93066025;4,507609844;Kralingen/Crooswijk;07/06/09;Conversie
FT330;Fietstrommel;PLANTAGEWG;35;51,92750931;4,504030228;Kralingen/Crooswijk;13/07/10;STREPE
FT331;Fietstrommel;RAMLEHWG;38;51,9302597;4,503719807;Kralingen/Crooswijk;07/06/09;Conversie
FT332;Fietstrommel;RAMLEHWG;30;51,93058014;4,503930092;Kralingen/Crooswijk;13/07/10;STREPE
FT333;Fietstrommel;2E WANDELO DWSTR;7;51,93767166;4,495120049;Kralingen/Crooswijk;13/07/10;BEHEER-STZ
FT334;Fietstrommel;KRALINGSE PLASLN;92;51,93181992;4,50838995;Kralingen/Crooswijk;13/07/10;STREPE
FT335;Fietstrommel;ROCHUSSENSTR;41;51,91508102;4,469979763;Centrum;13/07/10;BEHEER-STZ
FT336;Fietstrommel;DIERGAARDESNGL;19;51,92198944;4,466139793;Centrum;07/06/09;Conversie
FT337;Fietstrommel;BOOMPJES;55/56;51,91625977;4,489779949;Centrum;13/07/10;BEHEER-STZ
FT338;Fietstrommel;PARKSTR;10;51,90689087;4,475949764;Centrum;13/07/10;STREPE
FT339;Fietstrommel;ZALMHAVEN;19;51,91138077;4,4801898;Centrum;07/06/09;Conversie
FT34;Fietstrommel;BERGWG;285;51,93408966;4,47412014;Noord;07/06/09;Conversie
FT340;Fietstrommel;ZALMHAVEN;19;51,91138077;4,4801898;Centrum;07/06/09;Conversie
FT341;Fietstrommel;WESTERSTR;24;51,90943146;4,481709957;Centrum;07/06/09;Conversie
FT342;Fietstrommel;OOSTMAASSTR;5;51,92441177;4,509709835;Centrum;13/07/10;STREPE
FT343;Fietstrommel;KLEIWG;265;51,92670822;4,46585989;Hillegersberg;13/07/10;BEHEER-STZ
FT344;Fietstrommel;MAASSTR;4;51,90906906;4,480239868;Centrum;13/07/10;STREPE
FT345;Fietstrommel;MAASSTR;18;51,90856934;4,481369972;Centrum;13/07/10;BEHEER-STZ
FT346;Fietstrommel;HARINGVLIET;63;51,92065811;4,495600224;Centrum;13/07/10;STREPE
FT347;Fietstrommel;OPPERT;;51,92065811;4,495600224;Centrum;13/07/10;BEHEER-STZ
FT348;Fietstrommel;OPPERT;;51,92065811;4,495600224;Centrum;13/07/10;STREPE
FT349;Fietstrommel;MYNSHERENPLN;to 14;51,89542007;4,493289948;Charlois;18/01/12;OOMEBE
FT35;Fietstrommel;VD MEYDESTR;29;51,93069839;4,457320213;Noord;07/06/09;Conversie
FT350;Fietstrommel;MYNSHERENPLN;14;51,89542007;4,493289948;Charlois;18/01/12;OOMEBE
FT351;Fietstrommel;BOOMGAARDHOF;33;51,91735077;4,475810051;Centrum;13/07/10;BEHEER-STZ
FT352;Fietstrommel;SCHIEDAMSESNGL;193;51,91344833;4,479279995;Centrum;13/07/10;STREPE
FT353;Fietstrommel;KIPSTR;29;51,92309952;4,491670132;Centrum;13/07/10;BEHEER-STZ
FT354;Fietstrommel;SCHIEDAMSESNGL;191;51,9134903;4,479189873;Centrum;13/07/10;STREPE
FT355;Fietstrommel;BREITNERSTR;98;51,9131813;4,467160225;Centrum;07/06/09;Conversie
FT356;Fietstrommel;S GRAVENDYKWAL;26;51,91854095;4,463240147;Centrum;07/06/09;Conversie
FT357;Fietstrommel;PRINSENHOF;25;51,92325974;4,486869812;Centrum;13/07/10;BEHEER-STZ
FT358;Fietstrommel;ROCHUSSENSTR;78;51,91334152;4,467999935;Centrum;07/06/09;Conversie
FT359;Fietstrommel;STIELTJESSTR; 6e;51,91188812;4,498449802;Feijenoord;13/07/10;BEHEER-STZ
FT36;Fietstrommel;WALENBURGERWG;8;51,93062973;4,469250202;Noord;06/07/10;STREPE
FT360;Fietstrommel;STIELTJESPLN;6;51,91226959;4,499639988;Feijenoord;13/07/10;STREPE
FT361;Fietstrommel;DONKERSLOOTSTR;21;51,89398956;4,516129971;Feijenoord;13/07/10;BEHEER-STZ
FT362;Fietstrommel;L HILLEWG;229;51,89011002;4,496059895;Feijenoord;07/06/09;Conversie
FT363;Fietstrommel;RYTUIGWG;1;51,90563965;4,506259918;Feijenoord;13/07/10;BEHEER-STZ
FT364;Fietstrommel;RYTUIGWG;1;51,90563965;4,506259918;Feijenoord;07/06/09;Conversie
FT365;Fietstrommel;PRETORIALN;4;51,90182114;4,496940136;Feijenoord;13/07/10;BEHEER-STZ
FT366;Fietstrommel;W VARKENOORDSEWG;121;51,89035034;4,498040199;Feijenoord;17/11/11;OOMEBE
FT367;Fietstrommel;KATENDRECHTSELN;61;51,90044022;4,477719784;Feijenoord;13/07/10;BEHEER-STZ
FT368;Fietstrommel;ZWYNDRECHTSESTR;28;51,89345169;4,504710197;Feijenoord;07/06/09;Conversie
FT369;Fietstrommel;PUTSELN;240;51,89733124;4,49601984;Feijenoord;07/06/09;Conversie
FT37;Fietstrommel;C DE VRIESELN;30;51,91662979;4,459420204;Delfshaven;07/06/09;Conversie
FT370;Fietstrommel;GROENE HILLEDK;249;51,8906517;4,508130074;Feijenoord;13/07/10;STREPE
FT371;Fietstrommel;GROENE HILLEDK;249;51,8906517;4,508130074;Feijenoord;13/07/10;BEHEER-STZ
FT372;Fietstrommel;MAASKD;82;51,91434097;4,49462986;Feijenoord;07/06/09;Conversie
FT373;Fietstrommel;ROZEMARYNSTR;73;51,89748001;4,509270191;Feijenoord;08/07/11;OOMEBE
FT374;Fietstrommel;SLAGHEKSTR;99;51,89748001;4,509270191;Feijenoord;07/06/09;Conversie
FT375;Fietstrommel;RANDWG;79;51,89165878;4,512430191;Feijenoord;13/07/10;BEHEER-STZ
FT376;Fietstrommel;HILLEVLIET;68;51,89612961;4,505340099;Feijenoord;07/06/09;Conversie
FT377;Fietstrommel;DONKERSLOOTSTR;135;51,89149857;4,516860008;Feijenoord;13/07/10;BEHEER-STZ
FT378;Fietstrommel;BEYERLANDSELN;15;51,89891052;4,510340214;Feijenoord;13/07/10;STREPE
FT379;Fietstrommel;STREVELSWG;194;51,88946152;4,497889996;Feijenoord;13/07/10;BEHEER-STZ
FT38;Fietstrommel;R FRUINSTR;45;51,91492081;4,455920219;Delfshaven;07/06/09;Conversie
FT380;Fietstrommel;STREVELSWG;192;51,88946152;4,497970104;Feijenoord;13/07/10;STREPE
FT381;Fietstrommel;STREVELSWG;91;51,88961029;4,500360012;Feijenoord;14/07/10;BEHEER-STZ
FT382;Fietstrommel;SLEEPHELLINGSTR;12;51,91175842;4,491020203;Feijenoord;14/07/10;STREPE
FT383;Fietstrommel;MAASKD;82;51,91434097;4,49462986;Feijenoord;07/06/09;Conversie
FT384;Fietstrommel;MAASKD;155;51,91136169;4,4896698;Feijenoord;14/07/10;STREPE
FT385;Fietstrommel;MAASKD;158;51,91117859;4,489429951;Feijenoord;14/07/10;BEHEER-STZ
FT386;Fietstrommel;MAASKD;160;51,91104889;4,489280224;Feijenoord;07/06/09;Conversie
FT387;Fietstrommel;RANDWG;148;51,89067078;4,514389992;Feijenoord;14/07/10;BEHEER-STZ
FT388;Fietstrommel;PR HENDRIKLN;30;51,91093063;4,490620136;Feijenoord;14/07/10;STREPE
FT389;Fietstrommel;PR HENDRIKKD;89;51,91307831;4,494679928;Feijenoord;14/07/10;BEHEER-STZ
FT39;Fietstrommel;ZWAERDECROONSTR;20;51,91292953;4,462590218;Delfshaven;07/06/09;Conversie
FT390;Fietstrommel;PR HENDRIKKD;114;51,91172028;4,493889809;Feijenoord;14/07/10;STREPE
FT391;Fietstrommel;LANGENHORST;255;51,87485123;4,494279861;Charlois;14/07/10;BEHEER-STZ
FT392;Fietstrommel;MOERKERKESTR;55;51,89284134;4,492249966;Charlois;14/07/10;STREPE
FT393;Fietstrommel;GRUTTOSTR;55;51,88856125;4,469810009;Charlois;14/07/10;BEHEER-STZ
FT394;Fietstrommel;GEERVLIETSTR;9;51,89511871;4,489459991;Charlois;14/07/10;STREPE
FT395;Fietstrommel;WEVERSHOEKSTR;37;51,88978958;4,492599964;Charlois;14/07/10;BEHEER-STZ
FT396;Fietstrommel;BOERGOENSESTR;66;51,8925209;4,472569942;Charlois;14/07/10;STREPE
FT397;Fietstrommel;ZEGENSTR;89;51,88800812;4,467830181;Charlois;14/07/10;BEHEER-STZ
FT398;Fietstrommel;DAWESWG;20;51,96221161;4,543930054;Omoord;14/07/10;STREPE
FT399;Fietstrommel;SCHIELN;23;51,94379044;4,421969891;Overschie;14/07/10;BEHEER-STZ
FT4;Fietstrommel;ESSENBURGSNGL;16B;51,92287064;4,460539818;Delfshaven;06/07/10;STREPE
FT40;Fietstrommel;SCHIETBAANLN;128;51,91567993;4,45581007;Delfshaven;07/06/09;Conversie
FT400;Fietstrommel;J LIGTHARTSTR;61;51,88573074;4,497039795;Feijenoord;14/07/10;STREPE
FT401;Fietstrommel;YSCLUBSTR;69;51,92897034;4,506840229;Kralingen/Crooswijk;14/07/10;BEHEER-STZ
FT402;Fietstrommel;2E JERICHOSTR;11;51,93146133;4,506330013;Kralingen/Crooswijk;26/07/11;OOMEBE
FT403;Fietstrommel;ESSENLN;16;51,92287064;4,460539818;Kralingen/Crooswijk;14/07/10;BEHEER-STZ
FT404;Fietstrommel;TAXUSSTR;3b;51,93064117;4,506549835;Kralingen/Crooswijk;14/07/10;STREPE
FT405;Fietstrommel;R BAELDESTR;62;51,92416;4,505060196;Kralingen/Crooswijk;07/06/09;Conversie
FT406;Fietstrommel;GOUDSE RYWG;701;51,92808914;4,489039898;Kralingen/Crooswijk;14/07/10;STREPE
FT407;Fietstrommel;P POTTERSTR;30;51,92401886;4,50865984;Kralingen/Crooswijk;14/07/10;BEHEER-STZ
FT408;Fietstrommel;TAXUSSTR;3b;51,93064117;4,506549835;Kralingen/Crooswijk;14/07/10;STREPE
FT409;Fietstrommel;NOORDERHAVENKD;65;51,93392944;4,459630013;Noord;14/07/10;BEHEER-STZ
FT41;Fietstrommel;W BUYTEWECHSTR;120;51,90665054;4,457439899;Delfshaven;07/06/09;Conversie
FT410;Fietstrommel;2E JERICHOSTR;15 B;51,9306488;4,507649899;Kralingen/Crooswijk;07/06/09;Conversie
FT411;Fietstrommel;ZUIDHOEK;76;51,89213943;4,492030144;Charlois;14/07/10;BEHEER-STZ
FT412;Fietstrommel;ZUIDHOEK;269;51,89213943;4,492030144;Charlois;14/07/10;STREPE
FT413;Fietstrommel;JERICHOLN;63;51,93080902;4,506750107;Kralingen/Crooswijk;14/07/10;BEHEER-STZ
FT414;Fietstrommel;JERICHOLN;63;51,93080902;4,506750107;Kralingen/Crooswijk;14/07/10;STREPE
FT415;Fietstrommel;STATENSNGL;136;51,926651;4,456689835;Noord;14/07/10;BEHEER-STZ
FT416;Fietstrommel;LUZACSTR;16;51,93484116;4,462389946;Noord;14/07/10;STREPE
FT417;Fietstrommel;BORSELAARSTR;19;51,89213943;4,492030144;Charlois;26/01/12;OOMEBE
FT418;Fietstrommel;AMELANDSEPLN;20;51,88740158;4,483719826;Charlois;07/06/09;Conversie
FT419;Fietstrommel;PLEINWG;197;51,89197159;4,477980137;Charlois;07/06/09;Conversie
FT42;Fietstrommel;W BUYTEWECHSTR;227;51,90737915;4,451980114;Delfshaven;07/06/09;Conversie
FT420;Fietstrommel;BERGSELN;76;51,93917084;4,476429939;Noord;14/07/10;STREPE
FT421;Fietstrommel;SONMANSSTR;138;51,93249893;4,459899902;Noord;14/07/10;BEHEER-STZ
FT422;Fietstrommel;SOURYSTR;50;51,93412018;4,458449841;Noord;14/07/10;STREPE
FT423;Fietstrommel;WILLEBRORDUSPLN;23;51,93722916;4,477200031;Noord;14/07/10;BEHEER-STZ
FT424;Fietstrommel;ZESTIENHOVENSEKD;5;51,94084167;4,422929764;Overschie;07/06/09;Conversie
FT425;Fietstrommel;BERGSE R ROTTEKD;hoek Prins Bernhard;51,94585037;4,489580154;Hillegersberg;14/07/10;BEHEER-STZ
FT426;Fietstrommel;PR MARGRIETLN;8;51,94675064;4,48611021;Hillegersberg;07/06/09;Conversie
FT427;Fietstrommel;BYLWERFFSTR;26 hoek statenweg;51,93215942;4,456299782;Noord;14/07/10;BEHEER-STZ
FT428;Fietstrommel;DORDTSELN;66;51,89561081;4,494540215;Feijenoord;14/07/10;STREPE
FT429;Fietstrommel;SCHALEKAMPPLN;onder Metrostation 25;51,88505173;4,381559849;Pernis;14/07/10;BEHEER-STZ
FT43;Fietstrommel;W BUYTEWECHSTR;213;51,90719986;4,453340054;Delfshaven;07/06/09;Conversie
FT430;Fietstrommel;SCHALEKAMPPLN;onder Metrostation 25;51,88505173;4,381559849;Pernis;14/07/10;STREPE
FT431;Fietstrommel;HOGERBEETSSTR;13;51,92723083;4,4584198;Noord;07/06/09;Conversie
FT432;Fietstrommel;HOGERBEETSSTR;13;51,92723083;4,4584198;Noord;14/07/10;STREPE
FT433;Fietstrommel;NOORDERHAVENKD;111;51,93309021;4,46036005;Noord;07/06/09;Conversie
FT434;Fietstrommel;PROVENIERSPLN;3;51,92630005;4,469099998;Noord;22/02/12;OOMEBE
FT435;Fietstrommel;PAETSSTR;4;51,92758179;4,45855999;Noord;14/07/10;BEHEER-STZ
FT436;Fietstrommel;SCHIEWG;61;51,93188095;4,467060089;Noord;07/06/09;Conversie
FT437;Fietstrommel;UNGERPLN;15;51,92893982;4,471879959;Noord;07/06/09;Conversie
FT438;Fietstrommel;WALENBURGERWG;120;51,92658997;4,463469982;Noord;07/06/09;Conversie
FT439;Fietstrommel;DORDTSELN;64;51,8956604;4,494559765;Feijenoord;07/06/09;Conversie
FT44;Fietstrommel;W BUYTEWECHSTR;50;51,90729141;4,46036005;Delfshaven;06/07/10;STREPE
FT440;Fietstrommel;HENEGOUWERPLN;2;51,92134094;4,462870121;Delfshaven;07/06/09;Conversie
FT441;Fietstrommel;HENEGOUWERPLN;2;51,92134094;4,462870121;Delfshaven;07/06/09;Conversie
FT442;Fietstrommel;BREEWG;16;51,89070129;4,51857996;Feijenoord;07/06/09;Conversie
FT443;Fietstrommel;BAKKERSTR; 29/31;51,88560104;4,463270187;Charlois;14/07/10;BEHEER-STZ
FT444;Fietstrommel;BENTINCKLN;29;51,89179993;4,489699841;Noord;14/07/10;STREPE
FT445;Fietstrommel;RIEKEROORD;21;51,8830719;4,552020073;IJsselmonde;07/06/09;Conversie
FT446;Fietstrommel;SPOORSNGL;48;51,92781067;4,467979908;Noord;07/06/09;Conversie
FT447;Fietstrommel;STADHOUDERSWG;117;51,9307518;4,459730148;Noord;07/06/09;Conversie
FT448;Fietstrommel;BERGSELN;328;51,93291092;4,464039803;Noord;07/06/09;Conversie
FT449;Fietstrommel;PROVENIERSSTR;32;51,92726898;4,473010063;Noord;07/06/09;Conversie
FT45;Fietstrommel;ROCHUSSENSTR;201;51,91125107;4,461850166;Delfshaven;07/06/09;Conversie
FT450;Fietstrommel;A VD DOESLN;119;51,95858002;4,492569923;Hillegersberg;14/07/10;STREPE
FT451;Fietstrommel;WEVERSHOEKSTR;65;51,88991165;4,491020203;Charlois;14/07/10;BEHEER-STZ
FT452;Fietstrommel;ROCHUSSENSTR;331;51,9090004;4,454090118;Delfshaven;07/06/09;Conversie
FT453;Fietstrommel;HOOIDRIFT;13;51,91513062;4,452539921;Delfshaven;14/07/10;BEHEER-STZ
FT454;Fietstrommel;GR FLORISSTR;110;51,91889191;4,456659794;Delfshaven;07/06/09;Conversie
FT455;Fietstrommel;ADAMSHOFSTR;naast 149;51,92213821;4,508840084;Kralingen/Crooswijk;07/06/09;Conversie
FT456;Fietstrommel;SAENREDAMPLN;3;51,93843842;4,421999931;Overschie;07/06/09;Conversie
FT457;Fietstrommel;NOORDSNGL;30;51,92937088;4,48100996;Noord;07/06/09;Conversie
FT458;Fietstrommel;STADHOUDERSWG;117;51,9307518;4,459730148;Noord;07/06/09;Conversie
FT459;Fietstrommel;MEYERSPLN ;19;51,95621872;4,466499805;Hillegersberg;07/06/09;Conversie
FT46;Fietstrommel;GR FLORISSTR;64;51,91419983;4,449440002;Delfshaven;06/07/10;STREPE
FT460;Fietstrommel;MATHENESSERLN;424;51,91419983;4,449440002;Delfshaven;01/02/12;OOMEBE
FT461;Fietstrommel;MATHENESSERLN;424;51,91419983;4,449440002;Delfshaven;01/03/11;OOMEBE
FT462;Fietstrommel;S GRAVENDYKWAL;82-84;51,91603088;4,463029861;Centrum;07/06/09;Conversie
FT463;Fietstrommel;S GRAVENDYKWAL;82-84;51,91603088;4,463029861;Centrum;07/06/09;Conversie
FT464;Fietstrommel;S GRAVENDYKWAL;82-84;51,91603088;4,463029861;Centrum;07/06/09;Conversie
FT465;Fietstrommel;1E ST JANSHOF;15;51,92351913;4,495669842;Centrum;07/06/09;Conversie
FT466;Fietstrommel;WOLPHAERTSBOCHT;347;51,89228821;4,480390072;Charlois;14/07/10;STREPE
FT467;Fietstrommel;B JUNGERIUSSTR;13;51,8906517;4,486660004;Charlois;14/07/10;BEHEER-STZ
FT468;Fietstrommel;STATENWG;56;51,93247986;4,457019806;Noord;14/07/10;STREPE
FT469;Fietstrommel;BISSCHOPSTR;33;51,93294144;4,456749916;Noord;14/07/10;BEHEER-STZ
FT47;Fietstrommel;MAASKD;104;51,91341019;4,493060112;Feijenoord;07/06/09;Conversie
FT470;Fietstrommel;W G WITTEVEENPLN;19;51,90724945;4,499690056;Feijenoord;14/07/10;STREPE
FT471;Fietstrommel;W G WITTEVEENPLN;19;51,90724945;4,499690056;Feijenoord;14/07/10;BEHEER-STZ
FT472;Fietstrommel;SCHIEDAMSESNGL;181;51,91371918;4,478829861;Centrum;07/06/09;Conversie
FT473;Fietstrommel;KORTENAERSTR;38;51,9134407;4,476359844;Centrum;07/06/09;Conversie
FT474;Fietstrommel;KORTENAERSTR;38;51,9134407;4,476359844;Centrum;07/06/09;Conversie
FT475;Fietstrommel;HARINGVLIET;2;51,92065811;4,498030186;Centrum;07/06/09;Conversie
FT476;Fietstrommel;HENEGOUWERLN;124;51,91928864;4,463399887;Centrum;07/06/09;Conversie
FT477;Fietstrommel;AKELEISTR;24;51,92131042;4,463419914;Centrum;07/06/09;Conversie
FT478;Fietstrommel;CLEYBURCHSTR;16;51,93426132;4,45720005;Noord;07/06/09;Conversie
FT479;Fietstrommel;1E PYNACKERSTR;113;51,93381882;4,481239796;Noord;14/07/10;BEHEER-STZ
FT48;Fietstrommel;2E PIOENSTR;41-45;51,89432907;4,503119946;Feijenoord;06/07/10;STREPE
FT480;Fietstrommel;TOLLENSSTR;108;51,93019104;4,480949879;Noord;14/07/10;STREPE
FT481;Fietstrommel;TOLLENSSTR;96;51,93050003;4,481239796;Noord;07/06/09;Conversie
FT482;Fietstrommel;SCHIEWG;7;51,93128967;4,468739986;Noord;14/07/10;STREPE
FT483;Fietstrommel;CARNISSELN;55;51,88901901;4,478559971;Charlois;07/06/09;Conversie
FT484;Fietstrommel;BURG MEINESZLN;79;51,91881943;4,451019764;Delfshaven;14/07/10;STREPE
FT485;Fietstrommel;BARONIESTR;54;51,94332886;4,476739883;Hillegersberg;14/07/10;STREPE
FT486;Fietstrommel;DORDTSELN;214;51,89067841;4,494080067;Feijenoord;14/07/10;STREPE
FT487;Fietstrommel;DORDTSELN;234;51,89027023;4,494100094;Feijenoord;14/07/10;STREPE
FT488;Fietstrommel;DORDTSELN;84;51,89505005;4,494249821;Feijenoord;14/07/10;STREPE
FT489;Fietstrommel;NARCISSENSTR;53;51,8919487;4,49492979;Feijenoord;14/07/10;BEHEER-STZ
FT49;Fietstrommel;DR ZAMENHOFSTR;57;51,92358017;4,501510143;Kralingen/Crooswijk;06/07/10;STREPE
FT490;Fietstrommel;DAHLIASTR;17;51,89524078;4,504159927;Feijenoord;14/07/10;STREPE
FT491;Fietstrommel;PIMPERNELSTR;37;51,89458084;4,49559021;Feijenoord;14/07/10;BEHEER-STZ
FT492;Fietstrommel;STRUITENWG;42;51,88613129;4,462940216;Charlois;14/07/10;STREPE
FT493;Fietstrommel;SCHERE;218;51,8748703;4,484779835;Charlois;14/07/10;BEHEER-STZ
FT494;Fietstrommel;KATEND LAGEDK;118;51,89289856;4,482870102;Charlois;17/05/11;STREPE
FT495;Fietstrommel;K DE STOUTEPLN;1;51,89397049;4,471169949;Charlois;14/07/10;BEHEER-STZ
FT496;Fietstrommel;PR MAURITSSNGL;21;51,93785858;4,42414999;Overschie;14/07/10;STREPE
FT497;Fietstrommel;PR MAURITSSNGL;21;51,93785858;4,42414999;Overschie;14/07/10;BEHEER-STZ
FT498;Fietstrommel;BEUKELSDK;20;51,92171097;4,458930016;Delfshaven;14/07/10;STREPE
FT499;Fietstrommel;BEUKELSWG;61;51,92002869;4,444419861;Delfshaven;14/07/10;BEHEER-STZ
FT5;Fietstrommel;ESSENBURGSNGL;22B;51,92282867;4,459889889;Delfshaven;06/07/10;STREPE
FT50;Fietstrommel;DR ZAMENHOFSTR;59;51,92350006;4,501460075;Kralingen/Crooswijk;07/06/09;Conversie
FT500;Fietstrommel;BEUKELSWG;8;51,91984177;4,447000027;Delfshaven;14/07/10;STREPE
FT501;Fietstrommel;ESSENBURGSTR;45;51,92210007;4,452010155;Delfshaven;14/07/10;BEHEER-STZ
FT502;Fietstrommel;HEEMRAADSSNGL;197;51,91624832;4,454319954;Delfshaven;14/07/10;STREPE
FT503;Fietstrommel;HEEMRAADSSNGL;253;51,91432953;4,454440117;Delfshaven;14/07/10;BEHEER-STZ
FT504;Fietstrommel;MATHENESSERLN;256;51,91437912;4,444600105;Delfshaven;14/07/10;STREPE
FT505;Fietstrommel;V CITTERSSTR;28;51,91875076;4,446770191;Delfshaven;14/07/10;BEHEER-STZ
FT506;Fietstrommel;J V AVENNESSTR;9;51,92079163;4,459420204;Delfshaven;14/07/10;STREPE
FT507;Fietstrommel;S MULLERPLN;3;51,91360855;4,447329998;Delfshaven;14/07/10;BEHEER-STZ
FT508;Fietstrommel;BEUKELSDK;106;51,92071152;4,452630043;Delfshaven;14/07/10;STREPE
FT509;Fietstrommel;BURG MEINESZLN;13;51,91757965;4,453700066;Delfshaven;14/07/10;BEHEER-STZ
FT51;Fietstrommel;MOLENVYVER;25;51,95586014;4,474780083;Hillegersberg;07/06/09;Conversie
FT510;Fietstrommel;ESSENBURGSNGL;103;51,92153168;4,447309971;Delfshaven;14/07/10;STREPE
FT511;Fietstrommel;MATHENESSERLN;452;51,91455841;4,444469929;Delfshaven;14/07/10;BEHEER-STZ
FT512;Fietstrommel;PUPILLENSTR;28;51,91218948;4,450019836;Delfshaven;14/07/10;STREPE
FT513;Fietstrommel;BERGSELN;57;51,93822861;4,474140167;Noord;14/07/10;STREPE
FT514;Fietstrommel;BERGSELN;238/244;51,93532944;4,470920086;Noord;14/07/10;STREPE
FT515;Fietstrommel;BERGSELN;238/244;51,93532944;4,470920086;Noord;14/07/10;STREPE
FT516;Fietstrommel;BESEMERSTR;10;51,93323898;4,459529877;Noord;14/07/10;STREPE
FT517;Fietstrommel;A KUYPERLN;73/75;51,93434906;4,462979794;Noord;14/07/10;STREPE
FT518;Fietstrommel;BERKELSELN;74;51,93746948;4,470290184;Noord;14/07/10;STREPE
FT519;Fietstrommel;DELFGAAUWSTR;48;51,93886185;4,471660137;Noord;14/07/10;STREPE
FT52;Fietstrommel;K VD BERGELN;34;51,95714951;4,491290092;Hillegersberg;07/06/09;Conversie
FT520;Fietstrommel;G V PRINSTERERSTR;23;51,93473816;4,461550236;Noord;14/07/10;STREPE
FT521;Fietstrommel;KL COOLSTR;36;51,92670822;4,46585989;Noord;14/07/10;STREPE
FT522;Fietstrommel;NOBELSTR;88;51,93246078;4,458849907;Noord;14/07/10;STREPE
FT523;Fietstrommel;NOBELSTR;101;51,93151855;4,459630013;Noord;14/07/10;STREPE
FT524;Fietstrommel;NOLENSSTR;67;51,93009949;4,462870121;Noord;14/07/10;STREPE
FT525;Fietstrommel;NOORDERHAVENKD;21;51,93489075;4,458799839;Noord;15/07/10;STREPE
FT526;Fietstrommel;NOORDERHAVENKD;47;51,93431854;4,459290028;Noord;14/07/10;STREPE
FT527;Fietstrommel;NOORDERHAVENKD;87;51,93344116;4,460050106;Noord;14/07/10;STREPE
FT528;Fietstrommel;NOORDSNGL;33;51,92982101;4,480899811;Noord;01/02/13;STREPE
FT529;Fietstrommel;UNGERPLN;12;51,92916107;4,471479893;Noord;14/07/10;STREPE
FT53;Fietstrommel;PRINSENHOF;27;51,923069;4,487130165;Centrum;07/06/09;Conversie
FT530;Fietstrommel;NOORDSNGL;134;51,93119812;4,476359844;Noord;14/07/10;STREPE
FT531;Fietstrommel;DE S LOHMANLN;79;51,93634033;4,466909885;Noord;14/07/10;STREPE
FT532;Fietstrommel;SCHEPENSTR;56;51,9299202;4,466239929;Noord;14/07/10;STREPE
FT533;Fietstrommel;SCHEPENSTR;78;51,92863846;4,464930058;Noord;14/07/10;STREPE
FT534;Fietstrommel;SCHEPENSTR;93;51,92803955;4,464129925;Noord;14/07/10;STREPE
FT535;Fietstrommel;SCHEPENSTR;94;51,92758942;4,463540077;Noord;14/07/10;STREPE
FT536;Fietstrommel;A KUYPERLN;56;51,9348793;4,464560032;Noord;14/07/10;STREPE
FT537;Fietstrommel;STATIONSSNGL;63;51,92538834;4,465270042;Noord;14/07/10;STREPE
FT538;Fietstrommel;STATIONSSNGL;63;51,92538834;4,465270042;Noord;14/07/10;STREPE
FT539;Fietstrommel;BESEMERSTR;10;51,93323898;4,459529877;Noord;14/07/10;STREPE
FT54;Fietstrommel;PRINSENHOF;13;51,92348099;4,487339973;Centrum;07/06/09;Conversie
FT540;Fietstrommel;HEEMRAADSSNGL;205;51,9159584;4,454339981;Delfshaven;14/07/10;STREPE
FT541;Fietstrommel;SPOORSNGL;69;51,92609024;4,468239784;Noord;14/07/10;STREPE
FT542;Fietstrommel;VIRULYPLN;11;51,91973114;4,45070982;West;14/07/10;STREPE
FT543;Fietstrommel;MATHENESSERLN;346;51,91172028;4,446780205;West;14/07/10;STREPE
FT544;Fietstrommel;SCHIETBAANLN;112;51,91567993;4,456099987;Centrum;15/07/10;STREPE
FT545;Fietstrommel;SCHIETBAANLN;;51,91567993;4,455850124;Centrum;15/07/10;STREPE
FT546;Fietstrommel;HEEMRAADSSNGL;239;51,91490173;4,454390049;Delfshaven;15/07/10;STREPE
FT547;Fietstrommel;PERSYNSTR;10;51,92065811;4,456530094;Delfshaven;15/07/10;STREPE
FT548;Fietstrommel;MATHENESSERDK;295;51,91519165;4,443930149;Delfshaven;15/07/10;STREPE
FT549;Fietstrommel;MATHENESSERDK;295;51,91997147;4,449299812;Delfshaven;15/07/10;STREPE
FT55;Fietstrommel;TOMMANDERSHOF;107e;51,91949081;4,473320007;Centrum;07/06/09;Conversie
FT550;Fietstrommel;MATHENESSERDK;305;51,91997147;4,449299812;Delfshaven;15/07/10;STREPE
FT551;Fietstrommel;MATHENESSERDK;309;51,91997147;4,449299812;Delfshaven;15/07/10;STREPE
FT552;Fietstrommel;STADHOUDERSWG;112;51,93054962;4,459660053;Noord;15/07/10;STREPE
FT553;Fietstrommel;MATHENESSERLN;209;51,91949081;4,473320007;Centrum;15/07/10;STREPE
FT554;Fietstrommel;2E JERICHOSTR;11;51,93080902;4,507559776;Noord;03/08/11;OOMEBE
FT555;Fietstrommel;NOORDSNGL;26-28;51,93054962;4,459660053;Noord;15/07/10;STREPE
FT556;Fietstrommel;BEUKELSWG;86;51,9200592;4,444069862;Delfshaven;15/07/10;STREPE
FT557;Fietstrommel;DELFGAAUWSTR;51;51,9388504;4,471630096;Noord;15/07/10;STREPE
FT558;Fietstrommel;SCHERMLN;2;51,91701126;4,46257019;Delfshaven;15/07/10;STREPE
FT559;Fietstrommel;ESSENBURGSNGL;15;51,92287827;4,460649967;Delfshaven;15/07/10;STREPE
FT56;Fietstrommel;GAFFELSTR;108;51,91923904;4,468249798;Centrum;06/07/10;STREPE
FT560;Fietstrommel;ESSENBURGSNGL;139;51,92090988;4,444739819;Delfshaven;15/07/10;STREPE
FT561;Fietstrommel;C DE VRIESELN;49;51,91622925;4,459219933;Delfshaven;15/07/10;STREPE
FT562;Fietstrommel;GR FLORISSTR;98;51,91918945;4,457029819;Delfshaven;15/07/10;STREPE
FT563;Fietstrommel;C DE VRIESELN;43;51,91638947;4,459209919;Delfshaven;15/07/10;STREPE
FT564;Fietstrommel;S GRAVENDYKWAL;161;51,91233063;4,46337986;Delfshaven;15/07/10;STREPE
FT565;Fietstrommel;SCHIETBAANLN;2;51,91559982;4,462619781;Delfshaven;15/07/10;STREPE
FT566;Fietstrommel;BURG MEINESZLN;71;51,91865158;4,451429844;Delfshaven;15/07/10;STREPE
FT567;Fietstrommel;BEUKELSWG;19;51,91986847;4,446529865;Delfshaven;15/07/10;STREPE
FT568;Fietstrommel;BEUKELSDK;165;51,92036819;4,451010227;Delfshaven;15/07/10;STREPE
FT569;Fietstrommel;ROCHUSSENSTR;285;51,90948105;4,456520081;Delfshaven;15/07/10;STREPE
FT57;Fietstrommel;SCHIELN;62/64;51,94414139;4,422820091;Overschie;06/07/10;STREPE
FT570;Fietstrommel;SCHIETBAANLN;6;51,91997147;4,449299812;Delfshaven;15/07/10;STREPE
FT571;Fietstrommel;MATHENESSERLN;454;51,91455841;4,444469929;Delfshaven;15/07/10;STREPE
FT572;Fietstrommel;HONDIUSSTR;17;51,91238022;4,459710121;Delfshaven;15/07/10;STREPE
FT573;Fietstrommel;S MULLERSTR;21;51,9133606;4,44727993;Delfshaven;15/07/10;STREPE
FT574;Fietstrommel;SCHERMLN;2;51,91701126;4,46257019;Delfshaven;15/07/10;STREPE
FT575;Fietstrommel;V OOSTERZEESTR;4;51,91917038;4,449210167;Delfshaven;15/07/10;STREPE
FT576;Fietstrommel;HEEMRAADSPLN;4;51,91313934;4,453410149;Delfshaven;15/07/10;STREPE
FT577;Fietstrommel;MATHENESSERLN;230;51,91469955;4,444369793;Delfshaven;15/07/10;STREPE
FT578;Fietstrommel;HEEMRAADSSNGL;326;51,91030884;4,457459927;Delfshaven;15/07/10;STREPE
FT579;Fietstrommel;BEUKELSWG;81;51,92166138;4,458650112;Delfshaven;13/01/12;OOMEBE
FT58;Fietstrommel;F BEKKERSTR;52;51,89123917;4,468540192;Charlois;07/06/09;Conversie
FT580;Fietstrommel;BEUKELSDK;174;51,91999817;4,449339867;Delfshaven;15/07/10;STREPE
FT581;Fietstrommel;HAVENSTR;148;51,90596008;4,452270031;Delfshaven;15/07/10;STREPE
FT582;Fietstrommel;ESSENBURGSNGL;98;51,92166138;4,447760105;Delfshaven;15/07/10;STREPE
FT583;Fietstrommel;SCHEPENSTR;25;51,93077087;4,46653986;Noord;15/07/10;STREPE
FT584;Fietstrommel;GORDELWG;84/86;51,93965912;4,473420143;Noord;15/07/10;STREPE
FT585;Fietstrommel;BERGPOLDERSTR;58/62;51,93346024;4,466720104;Noord;15/07/10;STREPE
FT586;Fietstrommel;NOORDERHAVENKD;136;51,93302917;4,462059975;Noord;15/07/10;STREPE
FT587;Fietstrommel;HERLAERSTR;30;51,93021011;4,475419998;Noord;15/07/10;STREPE
FT588;Fietstrommel;J CATSSTR;17;51,93426895;4,483210087;Noord;15/07/10;STREPE
FT589;Fietstrommel;BERGSELN;97;51,93767929;4,473400116;Noord;15/07/10;STREPE
FT59;Fietstrommel;ZWARTEWAALSTR;191;51,8931694;4,487480164;Charlois;07/06/09;Conversie
FT590;Fietstrommel;BANIERSTR;73;51,93095016;4,472169876;Noord;15/07/10;STREPE
FT591;Fietstrommel;VROESENLN;52;51,93030167;4,456570148;Noord;15/07/10;STREPE
FT592;Fietstrommel;DELFGAAUWSTR;50;51,9388504;4,471570015;Noord;15/07/10;STREPE
FT593;Fietstrommel;BERGWG;258/260;51,93378067;4,473639965;Noord;15/07/10;STREPE
FT594;Fietstrommel;MATHENESSERLN;244;51,91450119;4,461639881;Delfshaven;15/07/10;STREPE
FT595;Fietstrommel;W BUYTEWECHSTR;169;51,9070282;4,454710007;Delfshaven;15/07/10;STREPE
FT596;Fietstrommel;SCHOONDERLOOSTR;163;51,91997147;4,449299812;Delfshaven;15/07/10;STREPE
FT597;Fietstrommel;PARALLELSTR;40;51,94406891;4,424129963;Overschie;15/07/10;STREPE
FT598;Fietstrommel;BATAVIERENSTR;39;51,91949081;4,473320007;Centrum;15/07/10;STREPE
FT599;Fietstrommel;ZEEMANSSTR;11;51,91949081;4,473320007;Centrum;15/07/10;STREPE
FT6;Fietstrommel;NOBELSTR;88;51,93246078;4,458849907;Noord;07/06/09;Conversie
FT60;Fietstrommel;Bibliotheek;198;52,00255966;4,375520229;Hoogvliet;06/07/10;STREPE
FT600;Fietstrommel;MOERKERKESTR;90/92;51,89007187;4,472430229;Charlois;15/07/10;STREPE
FT601;Fietstrommel;PARALLELSTR;4;51,94301987;4,424520016;Overschie;15/07/10;STREPE
FT603;Fietstrommel;BEUKELSDK;32;51,92164993;4,458660126;Delfshaven;15/07/10;STREPE
FT604;Fietstrommel;BEUKELSDK;22;51,92168045;4,458889961;Delfshaven;15/07/10;STREPE
FT605;Fietstrommel;BEUKELSDK;24;51,92168045;4,458839893;Delfshaven;15/07/10;STREPE
FT606;Fietstrommel;BEUKELSDK;172;51,91997147;4,449299812;Delfshaven;15/07/10;STREPE
FT607;Fietstrommel;BALKENSTR;14;51,91997147;4,449299812;Delfshaven;15/07/10;STREPE
FT608;Fietstrommel;BURG MEINESZLN;13;51,91997147;4,449299812;Delfshaven;15/07/10;STREPE
FT609;Fietstrommel;BURG MEINESZLN;43;51,91997147;4,449299812;Delfshaven;15/07/10;STREPE
FT61;Fietstrommel;DOEZASTR;2;51,92893982;4,464159966;Noord;06/07/10;STREPE
FT610;Fietstrommel;BURG MEINESZLN;51;51,91997147;4,449299812;Delfshaven;15/07/10;STREPE
FT611;Fietstrommel;BURG MEINESZLN;72;51,91997147;4,449299812;Delfshaven;15/07/10;STREPE
FT612;Fietstrommel;A PIERSONSTR;22;51,91997147;4,449299812;Delfshaven;15/07/10;STREPE
FT613;Fietstrommel;BEATRYSSTR;38;51,91997147;4,449299812;Delfshaven;15/07/10;STREPE
FT614;Fietstrommel;A MILDERSSTR;73;51,91997147;4,449299812;Delfshaven;15/07/10;STREPE
FT615;Fietstrommel;ESSENBURGSNGL;149;51,91997147;4,449299812;Delfshaven;15/07/10;STREPE
FT616;Fietstrommel;C DE VRIESELN;83;51,91997147;4,449299812;Delfshaven;15/07/10;STREPE
FT617;Fietstrommel;VOLMARYNSTR;148;51,91997147;4,449299812;Delfshaven;15/07/10;STREPE
FT618;Fietstrommel;ROCHUSSENSTR;199;51,91997147;4,449299812;Delfshaven;15/07/10;STREPE
FT619;Fietstrommel;ROCHUSSENSTR;335;51,91997147;4,449299812;Delfshaven;15/07/10;STREPE
FT62;Fietstrommel;SCHIEKD;624;51,92861176;4,473609924;Noord;07/06/09;Conversie
FT620;Fietstrommel;WATERGEUSSTR;191;51,91997147;4,449299812;Delfshaven;15/07/10;STREPE
FT621;Fietstrommel;CORVERSTR;62;51,91997147;4,449299812;Delfshaven;15/07/10;STREPE
FT622;Fietstrommel;MAURITSSTR;128;51,91949081;4,473320007;Centrum;15/07/10;STREPE
FT623;Fietstrommel;STATENSNGL;van Goenstraat;51,93054962;4,459660053;Noord;15/07/10;STREPE
FT624;Fietstrommel;SCHIETBAANLN;34;51,91949081;4,473320007;Centrum;15/07/10;STREPE
FT625;Fietstrommel;STATENWG;159;51,93054962;4,459660053;Noord;15/07/10;STREPE
FT626;Fietstrommel;STADHOUDERSPLN;14;51,93054962;4,459660053;Noord;15/07/10;STREPE
FT627;Fietstrommels;G SCHOLTENSTR;11;51,93054962;4,459660053;Noord;15/07/10;STREPE
FT628;Fietstrommel;T V POORTVLIETSTR;9;51,93054962;4,459660053;Noord;15/07/10;STREPE
FT629;Fietstrommel;HOOIDRIFT;13-15;51,91997147;4,449299812;Delfshaven;15/07/10;STREPE
FT63;Fietstrommel;UNGERPLN;8;51,92893982;4,47179985;Noord;07/06/09;Conversie
FT630;Fietstrommel;BERGWG;127;51,93054962;4,459660053;Noord;15/07/10;STREPE
FT631;Fietstrommel;BERGWG;301;51,93054962;4,459660053;Noord;15/07/10;STREPE
FT632;Fietstrommel;G SCHOLTENSTR;40;51,93054962;4,459660053;Noord;15/07/10;STREPE
FT633;Fietstrommel;1E PYNACKERSTR;134;51,93054962;4,459660053;Noord;15/07/10;STREPE
FT634;Fietstrommel;SCHIETBAANLN;86;51,91997147;4,449299812;Delfshaven;11/01/11;OOMEBE
FT635;Fietstrommel;SCHIEKD;109;51,93054962;4,459660053;Noord;15/07/10;STREPE
FT636;Fietstrommel;OOSTERVANTSTR;3;51,91997147;4,449299812;Delfshaven;15/07/10;STREPE
FT637;Fietstrommel;BEUKELSDK;80;51,91997147;4,449299812;Delfshaven;15/07/10;STREPE
FT638;Fietstrommel;V OOSTERZEESTR;26;51,91997147;4,449299812;Delfshaven;15/07/10;STREPE
FT639;Fietstrommels;PROVENIERSSNGL;22;51,93054962;4,459660053;Noord;15/07/10;STREPE
FT64;Fietstrommel;UNGERPLN;8;51,92893982;4,471809864;Noord;07/06/09;Conversie
FT640;Fietstrommel;STADHOUDERSPLN;11;51,93054962;4,459660053;Noord;15/07/10;STREPE
FT641;Fietstrommel;DUYVESTEYNHOF;;51,93852997;4,422210217;Overschie;29/02/12;STREPE
FT642;Fietstrommel;VLIETLN;32A;51,92977142;4,489990234;Kralingen/Crooswijk;15/07/10;STREPE
FT643;Fietstrommel;VLIETLN;32A;51,92977142;4,489990234;Kralingen/Crooswijk;15/07/10;STREPE
FT644;Fietstrommel;TABORSTR;12;51,92977142;4,489990234;Kralingen/Crooswijk;15/07/10;STREPE
FT645;Fietstrommel;HOOIDRIFT;9;51,91997147;4,449299812;Delfshaven;15/07/10;STREPE
FT646;Fietstrommel;KRALINGSE PLASLN;97B;51,92977142;4,489990234;Kralingen/Crooswijk;15/07/10;STREPE
FT647;Fietstrommel;PALESTINASTR;59;51,92977142;4,489990234;Kralingen/Crooswijk;15/07/10;STREPE
FT648;Fietstrommel;C DE VRIESELN;96;51,91997147;4,449299812;Delfshaven;15/07/10;STREPE
FT649;Fietstrommel;GR FLORISSTR;28;51,91997147;4,449299812;Delfshaven;15/07/10;STREPE
FT65;Fietstrommel;CROOSWYKSESNGL;13b;51,92977142;4,489990234;Kralingen/Crooswijk;07/06/09;Conversie
FT650;Fietstrommel;WERKHOEFSTR;7;51,91997147;4,449299812;Delfshaven;15/07/10;STREPE
FT651;Fietstrommel;C P TIELESTR;53;51,91997147;4,449299812;Delfshaven;15/07/10;STREPE
FT652;Fietstrommel;HONDIUSSTR;32;51,91997147;4,449299812;Delfshaven;15/07/10;STREPE
FT654;Fietstrommel;S MULLERSTR;1;51,91997147;4,449299812;Delfshaven;16/09/10;STREPE
FT655;Fietstrommel;BLOKMAKERSSTR;25;51,89007187;4,472430229;Charlois;27/04/11;OOMEBE
FT656;Fietsentrommel;ESSENBURGSNGL;63;51,91997147;4,449299812;Delfshaven;27/04/11;OOMEBE
FT657;Fietstrommel;GORDELWG;61;51,93054962;4,459660053;Noord;16/09/10;STREPE
FT658;Fietstrommel;BERGSNGL;172;51,93054962;4,459660053;Noord;16/09/10;STREPE
FT659;Fietstrommel;PARADYSLN;115;51,92977142;4,489990234;Kralingen/Crooswijk;16/09/10;STREPE
FT66;Fietstrommel;CROOSWYKSESNGL;16;51,92974091;4,489659786;Kralingen/Crooswijk;10/08/11;OOMEBE
FT660;Fietstrommel;PR MARGRIETLN;5;51,95714951;4,491290092;Hillegersberg;24/08/10;STREPE
FT661;Fietstrommel;BARONIESTR;56;51,95714951;4,491290092;Hillegersberg;16/09/10;STREPE
FT662;Fietstrommel;ADRIANASTR;71;51,91949081;4,473320007;Centrum;16/09/10;STREPE
FT663;Fietstrommel;ROCHUSSENSTR;61;51,91949081;4,473320007;Centrum;16/09/10;STREPE
FT664;Fietstrommel;WALRAVENSTR;9;51,89007187;4,472430229;Charlois;12/10/10;BRUIPE
FT665;Fietstrommel;V DIESTSTR;38-42;51,89007187;4,472430229;Charlois;16/09/10;STREPE
FT666;Fietstrommel;BOERGOENSESTR;78;51,89007187;4,472430229;Charlois;16/09/10;STREPE
FT667;Fietstrommel;BOERGOENSESTR;78;51,89007187;4,472430229;Charlois;16/09/10;STREPE
FT668;Fietstrommel;Dorpsweg;2;51,89007187;4,472430229;Charlois;16/12/10;BRUIPE
ft669;Fietstrommel;PLEINWG;71;51,89057159;4,484360218;Charlois;14/06/12;BRUIPE
FT67;Fietstrommel;CROOSWYKSESNGL;29b;51,92987061;4,488239765;Kralingen/Crooswijk;06/07/10;BEHEER-STZ
ft670;Fietstrommel;BEATRYSSTR;69;51,91978836;4,456860065;Delfshaven;14/06/12;BRUIPE
ft671;Fietstrommel;BILDERDYKSTR;210;51,91736984;4,432690144;Delfshaven;14/06/12;BRUIPE
ft672;Fietstrommel;TIDEMANSTR;to 13;51,91886139;4,448120117;Delfshaven;14/06/12;BRUIPE
ft673;Fietstrommel;V CITTERSSTR;34;51,91997147;4,449299812;Delfshaven;18/11/11;OOMEBE
ft674;Fietstrommel;ESSENBURGSNGL;to 127;51,92097092;4,445320129;Delfshaven;14/06/12;BRUIPE
ft675;Fietstrommel;ESSENBURGSNGL;2;52,18957901;5,295239925;Delfshaven;14/06/12;BRUIPE
ft676;Fietstrommel;GR FLORISSTR;110;51,91899109;4,456560135;Delfshaven;14/06/12;BRUIPE
ft677;Fietstrommel;MATHENESSERLN;396;51,9137001;4,450880051;Delfshaven;14/06/12;BRUIPE
ft678;Fietstrommel;MATHENESSERLN;to 450;51,91487885;4,448289871;Charlois;14/06/12;BRUIPE
ft679;Fietstrommel;ROCHUSSENSTR;375;51,90943909;4,450789928;Delfshaven;14/06/12;BRUIPE
FT68;Fietstrommel;CROOSWYKSESNGL;31;51,92990875;4,488029957;Kralingen/Crooswijk;07/06/09;Conversie
ft680;Fietstrommel;SCHIETBAANLN;74;51,91566849;4,45909977;Delfshaven;14/06/12;BRUIPE
ft681;Fietstrommel;SCHIETBAANLN;126;51,91569138;4,456110001;Delfshaven;14/06/12;BRUIPE
ft682;Fietstrommel;W BUYTEWECHSTR;50;51,90727997;4,460289955;Delfshaven;14/06/12;BRUIPE
ft683;Fietstrommel;DONKERSLOOTSTR;to 111;51,89208984;4,516699791;Feijenoord;14/06/12;BRUIPE
ft684;Fietstrommel;W VARKENOORDSEWG;Breeweg;51,89062119;4,519509792;Feijenoord;14/06/12;BRUIPE
ft685;Fietstrommel;BERGWG;243;51,93476868;4,475160122;Noord;14/06/12;BRUIPE
ft686;Fietstrommel;LISPLN;hoek gordelweg;51,9392395;4,474050045;Noord;14/06/12;BRUIPE
ft687;Fietstrommel;MOLENWATERWG;8;51,92694855;4,472899914;Noord;14/06/12;BRUIPE
ft688;Fietstrommel;BERGSELN;to 126;51,93798065;4,474020004;Noord;14/06/12;BRUIPE
FT689;Fietstrommel;L HILLEWG;110;51,89292908;4,502019882;Feijenoord;13/06/12;BRUIPE
FT69;Fietstrommel;HG BOEZEM;23;51,92462921;4,497749805;Kralingen/Crooswijk;07/06/09;Conversie
FT690;Fietstrommel;HEEMRAADSSNGL;246;51,91315842;4,456110001;Delfshaven;13/06/12;BRUIPE
FT691;Fietstrommel;VAANDRIGSTR;25;51,934021;4,496650219;Kralingen/Crooswijk;13/06/12;BRUIPE
FT692;Fietstrommel;GORDELWG;60;51,94013977;4,477079868;Noord;13/06/12;BRUIPE
FT693;Fietstrommel;VD HOONAARDSTR;12;51,93572998;4,475240231;Noord;13/06/12;BRUIPE
FT694;Fietstrommel;BERGWG;203;51,93568039;4,476359844;Noord;13/06/12;BRUIPE
FT695;Fietstrommel;KOOTSEKD;32;51,94454956;4,484399796;Hillegersberg;13/06/12;BRUIPE
FT696;Fietstrommel;BEGONIASTR;2;51,94509125;4,473060131;Hillegersberg;13/06/12;BRUIPE
FT697;Fietstrommel;COOLHAVEN;126;51,90758133;4,456449986;Delfshaven;13/06/12;BRUIPE
FT698;Fietstrommel;W BUYTEWECHSTR;126;51,90679169;4,456369877;Delfshaven;13/06/12;BRUIPE
FT699;Fietstrommel;BOSPOLDERSTR;11B;51,90951157;4,442170143;Delfshaven;13/06/12;BRUIPE
FT7;Fietstrommel;NOBELSTR;88;51,93246078;4,458859921;Noord;07/06/09;Conversie
FT70;Fietstrommel;C DE VRIESELN;3;51,91770935;4,459179878;Delfshaven;07/06/09;Conversie
FT700;Fietstrommel;MATHENESSERDK;114;51,91677856;4,441870213;Delfshaven;13/06/12;BRUIPE
FT701;Fietstrommel;SCHIEDAMSEWG BEN;467;51,91024017;4,443210125;Delfshaven;13/06/12;BRUIPE
FT702;Fietstrommel;MATHENESSERLN;466;51,91524887;4,447770119;Delfshaven;13/06/12;BRUIPE
FT703;Fietstrommel;ROCHUSSENSTR;373;51,90940094;4,450950146;Delfshaven;14/06/12;BRUIPE
FT704;Fietstrommel;MATHENESSERLN;398;51,91371155;4,450789928;Delfshaven;14/06/12;BRUIPE
FT705;Fietstrommel;SOETENDAALSEWG;95;51,93931961;4,480529785;Noord;14/06/12;BRUIPE
FT71;Fietstrommel;C DE VRIESELN;3;51,91770935;4,459189892;Delfshaven;06/07/10;BEHEER-STZ
FT72;Fietstrommel;C DE VRIESELN;42;51,91625977;4,459459782;Delfshaven;07/06/09;Conversie
FT73;Fietstrommel;C DE VRIESELN;42;51,91625977;4,459469795;Delfshaven;06/07/10;BEHEER-STZ
FT74;Fietstrommel;C DE VRIESELN;101;51,91408157;4,459640026;Delfshaven;07/06/09;Conversie
FT75;Fietstrommel;HEEMRAADSSNGL;26;51,92103958;4,456019878;Delfshaven;06/07/10;STREPE
FT76;Fietstrommel;HEEMRAADSSNGL;26;51,92103958;4,456029892;Delfshaven;07/06/09;Conversie
FT77;Fietstrommel;HEEMRAADSSNGL;26;51,92103958;4,456039906;Delfshaven;06/07/10;BEHEER-STZ
FT78;Fietstrommel;MATHENESSERLN;228;51,91458893;4,462319851;Delfshaven;07/06/09;Conversie
FT79;Fietstrommel;MATHENESSERLN;301;51,9142189;4,45773983;Delfshaven;06/07/10;STREPE
FT8;Fietstrommel;BERGSNGL;80;51,93788147;4,469669819;Noord;07/06/09;Conversie
FT80;Fietstrommel;MATHENESSERLN;320;51,91397095;4,457660198;Delfshaven;07/06/09;Conversie
FT81;Fietstrommel;BOSPOLDERPLN;32;51,90850067;4,441860199;Delfshaven;06/07/10;BEHEER-STZ
FT82;Fietstrommel;PINKSTR;10;51,91765976;4,41782999;Delfshaven;06/07/10;STREPE
FT83;Fietstrommel;MATHENESSERDK;87;51,91539001;4,435359955;Delfshaven;07/06/09;Conversie
FT84;Fietstrommel;MATHENESSERWG;132;51,91424942;4,437029839;Delfshaven;06/07/10;BEHEER-STZ
FT85;Fietstrommel;D DANESTR;1;51,91403961;4,434209824;Delfshaven;07/06/09;Conversie
FT86;Fietstrommel;ESSENBURGSNGL;118;51,92110825;4,445859909;Delfshaven;07/06/09;Conversie
FT87;Fietstrommel;HEEMRAADSSNGL;213;51,91571045;4,454349995;Delfshaven;07/06/09;Conversie
FT88;Fietstrommel;HEEMRAADSSNGL;213;51,91571045;4,454360008;Delfshaven;07/06/09;Conversie
FT89;Fietstrommel;C P TIELESTR;13;51,91437912;4,453460217;Delfshaven;06/07/10;BEHEER-STZ
FT9;Fietstrommel;BERGSNGL;76;51,93801117;4,469629765;Noord;07/06/09;Conversie
FT90;Fietstrommel;ROCHUSSENSTR;317;51,90896988;4,454319954;Delfshaven;07/06/09;Conversie
FT91;Fietstrommel;VIRULYPLN;16;51,9197998;4,450809956;Delfshaven;06/07/10;STREPE
FT92;Fietstrommel;VD TAKSTR;26;51,91445923;4,495490074;Feijenoord;07/06/09;Conversie
FT93;Fietstrommel;PR HENDRIKKD;89;51,91307831;4,494679928;Feijenoord;06/07/10;BEHEER-STZ
FT94;Fietstrommel;PR HENDRIKKD;115;51,91167831;4,493810177;Feijenoord;07/06/09;Conversie
FT95;Fietstrommel;PR HENDRIKKD;154;51,91025925;4,490779877;Feijenoord;07/06/09;Conversie
FT96;Fietstrommel;PR HENDRIKLN;13;51,91558075;4,500919819;Feijenoord;07/06/09;Conversie
FT97;Fietstrommel;DIAMANTWG;1;51,94643021;4,466479778;Hillegersberg;07/07/10;STREPE
FT98;Fietstrommel;RANDWG;91;51,89134979;4,512839794;Feijenoord;07/06/09;Conversie
FT99;Fietstrommel;BERGWG;265;51,93434143;4,474520206;Noord;07/06/09;Conversie